url_path,views_total,views_unique
/DataJourneyHQ/DataJourney,31,9
/DataJourneyHQ/DataJourney/discussions,5,3
/DataJourneyHQ/DataJourney/pulls,5,2
/DataJourneyHQ/DataJourney/issues,4,2
/DataJourneyHQ/DataJourney/blob/main/.gitignore,3,2
/DataJourneyHQ/DataJourney/wiki/Contribution-Guidelines-(AI‐Aware),3,2
/DataJourneyHQ/DataJourney/blob/main/LICENSE,2,2
/DataJourneyHQ/DataJourney/blob/main/assets/DataJourney_logo_svg/dj_darkmode.svg,2,2
/DataJourneyHQ/DataJourney/commit/0867cb00afa0155ad3e3d8e2551401b9aabc8670,2,2
/DataJourneyHQ/DataJourney/commit/d2d6a6d85fab4097bd677a2ccb603db18e029bea,2,2
