date,open,high,low,close,volume
2021-06-10,314.0,324.95,312.7527,324.1,1388017.0
2021-06-09,318.9,326.74,314.28,314.61,1573897.0
2021-06-08,316.38,323.81,312.5,317.2,1424033.0
2021-06-07,308.84,315.78,304.5,314.52,1719334.0
2021-06-04,313.7,319.0,309.01,309.91,1833589.0
2021-06-03,328.42,330.505,309.67,309.83,2277370.0
2021-06-02,331.22,338.69,327.24,331.48,1134500.0
2021-06-01,339.19,340.96,329.2301,333.68,1537553.0
2021-05-28,338.0,342.0256,336.0,336.0,1253895.0
2021-05-27,333.0,339.84,322.55,338.69,2806877.0
2021-05-26,326.95,335.93,325.35,332.36,2714914.0
2021-05-25,326.8,329.62,322.28,324.21,1691375.0
2021-05-24,316.0,325.77,313.64,324.09,1890750.0
2021-05-21,318.2,322.75,310.4,314.64,1831418.0
2021-05-20,300.0,318.4,299.51,316.31,3047794.0
2021-05-19,289.0,300.5,285.35,298.37,2370584.0
2021-05-18,302.15,308.66,297.0,299.54,1853639.0
2021-05-17,297.0,304.0,288.12,297.2,2320089.0
2021-05-14,285.46,299.65,283.5401,299.4,2279679.0
2021-05-13,301.08,305.18,275.6,281.02,3533798.0
2021-05-12,296.2,304.06,287.31,296.32,3264764.0
2021-05-11,283.69,309.986,281.32,306.07,3106165.0
2021-05-10,300.12,300.38,286.07,294.7,3466908.0
2021-05-07,315.99,321.0,305.0,307.15,3143534.0
2021-05-06,305.88,319.8499,298.8901,304.12,6885491.0
2021-05-05,346.0,346.0,332.08,335.72,1703700.0
2021-05-04,348.98,350.0,328.27,342.03,3362652.0
2021-05-03,370.71,374.0,358.0,359.92,1660944.0
2021-04-30,370.36,377.43,365.105,367.8,1583927.0
2021-04-29,394.43,396.035,369.65,375.44,1843843.0
2021-04-28,393.34,396.696,388.04,393.8,1005532.0
2021-04-27,403.0,405.8,390.68,395.89,1022864.0
2021-04-26,386.83,400.92,384.27,400.68,1463523.0
2021-04-23,381.79,387.71,378.705,384.64,1243781.0
2021-04-22,373.0,384.84,371.3338,373.77,1350179.0
2021-04-21,362.0,373.3,357.67,370.2,956592.0
2021-04-20,369.0,377.91,362.28,367.65,1523136.0
2021-04-19,377.86,385.99,362.5,367.46,1949925.0
2021-04-16,391.0,394.1999,383.19,385.24,1195058.0
2021-04-15,377.6,391.805,375.1,389.89,1794008.0
2021-04-14,388.12,393.86,370.3599,372.0,1437796.0
2021-04-13,375.0,389.69,374.5,386.6,1604966.0
2021-04-12,365.68,373.77,362.01,371.06,1099055.0
2021-04-09,365.0,369.27,358.75,368.24,1073850.0
2021-04-08,361.0,370.1,359.755,367.07,1372645.0
2021-04-07,355.62,364.93,351.35,353.11,2277128.0
2021-04-06,349.0,362.5,346.8,357.53,1616144.0
2021-04-05,355.0,355.55,336.3584,348.43,1688517.0
2021-04-01,350.36,360.6164,346.0,352.04,1735013.0
2021-03-31,329.65,346.65,328.285,340.76,2742255.0
2021-03-30,310.25,323.88,306.04,321.2,1752341.0
2021-03-29,320.0,324.76,306.05,315.08,2206565.0
2021-03-26,327.73,336.0,310.185,319.79,2497065.0
2021-03-25,318.38,334.18,315.25,327.61,2374706.0
2021-03-24,355.81,356.98,325.13,326.5,2773928.0
2021-03-23,361.7,364.16,352.48,354.42,1551792.0
2021-03-22,356.22,363.8,351.37,359.8,1701599.0
2021-03-19,353.59,360.13,342.9,355.8,3020019.0
2021-03-18,380.68,381.18,350.06,352.05,3312043.0
2021-03-17,358.31,388.91,357.03,386.27,3570705.0
2021-03-16,380.12,388.3,365.15,373.22,2162381.0
2021-03-15,366.68,369.97,361.01,369.58,1438976.0
2021-03-12,368.0,371.35,357.595,369.03,1557769.0
2021-03-11,370.02,377.14,362.6,374.25,1579866.0
2021-03-10,373.0,377.0,351.12,352.77,2238396.0
2021-03-09,352.26,365.96,343.74,362.36,3662903.0
2021-03-08,338.84,349.46,320.0,320.59,2903226.0
2021-03-05,350.0,350.36,311.44,337.28,4230446.0
2021-03-04,356.97,371.68,328.1,346.05,4204568.0
2021-03-03,390.53,393.05,361.11,364.52,2832795.0
2021-03-02,416.99,418.0,393.645,394.62,1882055.0
2021-03-01,405.03,417.1099,399.3525,415.78,2173558.0
2021-02-26,388.15,395.0,376.0,392.88,2834523.0
2021-02-25,410.0,417.11,377.07,377.59,2772331.0
2021-02-24,402.81,414.725,392.2809,408.96,2282561.0
2021-02-23,388.54,414.44,371.7,410.59,4417204.0
2021-02-22,422.2,430.0,406.0,409.21,2812718.0
2021-02-19,427.01,434.33,423.96,425.55,6473341.0
2021-02-18,441.0,457.3,437.0,443.49,6392463.0
2021-02-17,420.0,420.0,398.04,411.65,2391230.0
2021-02-16,433.92,435.75,411.53,421.26,2658706.0
2021-02-12,430.41,437.9,421.18,435.29,1239848.0
2021-02-11,428.98,441.19,422.0,433.19,1753882.0
2021-02-10,412.32,437.98,411.67,433.3,2818657.0
2021-02-09,409.0,411.92,402.26,406.57,1799934.0
2021-02-08,402.01,407.7699,395.7,399.51,1021213.0
2021-02-05,398.99,401.0,395.68,400.06,1216513.0
2021-02-04,391.0,399.5,387.01,399.49,1186989.0
2021-02-03,391.2,393.605,381.68,389.5,1637932.0
2021-02-02,378.0,388.88,375.682,387.25,1569413.0
2021-02-01,364.0,372.09,356.0,371.55,1110793.0
2021-01-29,360.5,362.5289,347.77,359.43,1848727.0
2021-01-28,345.0,366.93,341.92,360.91,2193619.0
2021-01-27,341.04,352.44,329.13,337.77,2378957.0
2021-01-26,381.3,381.3,354.45,355.15,2706597.0
2021-01-25,398.95,404.27,373.34,380.0,2340600.0
2021-01-22,389.06,392.81,387.68,392.01,1166158.0
2021-01-21,392.51,394.48,383.0,389.0,1064476.0
2021-01-20,388.69,394.36,383.66,392.97,1142413.0
2021-01-19,388.5,390.0,377.62,382.25,1882638.0
2021-01-15,385.0,398.2858,383.3735,388.65,1791592.0
2021-01-14,373.33,386.7499,371.225,385.1,1817137.0
2021-01-13,376.0,381.955,367.99,369.0,1486075.0
2021-01-12,363.0,375.74,362.255,375.15,1252682.0
2021-01-11,359.6,367.68,356.0,362.01,1261723.0
2021-01-08,362.34,373.005,355.79,360.27,2136182.0
2021-01-07,339.88,357.5,337.315,357.15,2057891.0
2021-01-06,329.09,337.93,326.11,329.01,1837625.0
2021-01-05,330.43,341.79,329.0,341.24,1375448.0
2021-01-04,339.0,340.5956,326.26,334.59,1968892.0
2020-12-31,351.7,352.02,335.96,338.5,1541752.0
2020-12-30,352.34,354.99,347.38,349.56,1113349.0
2020-12-29,360.0,361.46,346.74,350.5,2341313.0
2020-12-28,367.31,368.288,346.0,355.66,2002186.0
2020-12-24,365.15,371.36,361.4,362.88,681112.0
2020-12-23,371.0,373.5,358.09,363.28,1197098.0
2020-12-22,369.46,374.49,360.89,370.75,2500359.0
2020-12-21,361.21,369.37,357.45,364.82,2105422.0
2020-12-18,369.32,369.39,359.44,365.03,2418781.0
2020-12-17,356.5,365.0,353.21,361.07,2449181.0
2020-12-16,346.2,352.75,340.72,350.88,2115543.0
2020-12-15,349.75,356.87,342.1301,345.1,2370236.0
2020-12-14,344.6,358.18,344.1,350.09,2835142.0
2020-12-11,333.15,346.0001,330.25,342.41,3157097.0
2020-12-10,310.26,338.61,307.9279,334.51,3661546.0
2020-12-09,319.23,321.945,305.611,312.54,2779367.0
2020-12-08,311.0,326.24,308.59,320.8,2261263.0
2020-12-07,315.91,316.0315,308.26,309.29,2320509.0
2020-12-04,319.22,323.3173,314.1,319.49,1413410.0
2020-12-03,323.52,333.62,318.93,319.75,2100478.0
2020-12-02,308.37,320.94,301.5518,320.34,2026816.0
2020-12-01,319.72,320.94,308.06,313.58,1862427.0
2020-11-30,321.0,323.89,308.73,320.09,3636165.0
2020-11-27,308.06,321.0,307.0,319.05,2035281.0
2020-11-25,292.13,307.49,292.0,305.5,2314127.0
2020-11-24,302.0,303.41,290.0,292.0,2275735.0
2020-11-23,302.2,305.6,293.88,301.72,2342065.0
2020-11-20,296.5,306.6,296.5,298.31,2724009.0
2020-11-19,284.5,301.56,279.01,295.64,3589953.0
2020-11-18,286.91,288.36,278.3712,278.93,2053986.0
2020-11-17,282.0,291.005,278.19,287.88,2149509.0
2020-11-16,272.16,284.92,270.7,278.52,2594870.0
2020-11-13,281.09,286.34,271.8555,274.43,1833149.0
2020-11-12,280.57,288.75,278.75,285.67,1419805.0
2020-11-11,268.07,281.0806,266.6,279.17,1927798.0
2020-11-10,270.0,274.545,254.82,266.26,2411738.0
2020-11-09,280.0,287.65,266.1401,274.0,3088567.0
2020-11-06,302.89,305.2999,288.2,292.13,3975996.0
2020-11-05,314.39,314.73,299.5368,307.54,2287785.0
2020-11-04,293.49,307.46,291.07,306.19,3100211.0
2020-11-03,273.16,283.5,270.0,280.37,1674544.0
2020-11-02,277.74,284.64,269.7,273.38,2272931.0
2020-10-30,286.03,289.79,273.76,278.97,2402954.0
2020-10-29,299.75,303.69,287.8,288.58,2174561.0
2020-10-28,283.4,297.2,277.3195,296.96,3905996.0
2020-10-27,297.68,300.7899,285.83,286.29,5934987.0
2020-10-26,308.0,312.26,295.11,300.62,4684533.0
2020-10-23,293.62,307.17,289.1301,306.1,2355584.0
2020-10-22,301.0,302.03,287.01,294.03,2394900.0
2020-10-21,313.99,315.7281,297.37,298.7,2945051.0
2020-10-20,326.0,328.76,308.58,309.38,3164519.0
2020-10-19,330.0,338.8762,326.445,329.59,1899510.0
2020-10-16,328.1,331.44,323.8055,326.47,1580811.0
2020-10-15,313.02,327.965,310.39,325.9,2894976.0
2020-10-14,338.0,339.5,319.38,323.42,3282036.0
2020-10-13,333.35,341.7,331.7439,337.88,3501451.0
2020-10-12,322.68,332.0,311.5079,329.72,6200161.0
2020-10-09,302.0,310.64,300.565,306.24,1931975.0
2020-10-08,303.05,306.64,297.0,299.1,1807083.0
2020-10-07,298.0,307.61,296.6,298.18,3612874.0
2020-10-06,283.58,298.12,282.31,294.51,5679812.0
2020-10-05,290.0,290.9,282.31,283.0,3847981.0
2020-10-02,276.95,295.52,272.5,290.36,13795458.0
2020-10-01,249.95,258.0,247.5,256.96,2245372.0
2020-09-30,246.41,250.74,244.4454,247.09,1683372.0
2020-09-29,245.0,251.755,243.0,248.8,1422701.0
2020-09-28,246.61,249.0481,241.26,244.52,1724111.0
2020-09-25,238.58,246.69,234.03,245.02,1529899.0
2020-09-24,229.99,245.16,227.7104,238.4,2450188.0
2020-09-23,234.57,238.72,230.89,232.0,2112880.0
2020-09-22,239.07,241.38,233.9724,237.0,1896592.0
2020-09-21,224.06,238.765,222.0033,238.3,2024602.0
2020-09-18,225.2,227.8,220.48,225.4,1921683.0
2020-09-17,220.0,223.11,216.23,221.87,1983275.0
2020-09-16,226.1,235.75,224.635,228.74,1707515.0
2020-09-15,228.29,231.51,222.89,226.33,1360113.0
2020-09-14,228.47,231.29,222.09,225.91,1417895.0
2020-09-11,235.51,235.51,220.89,224.41,1561901.0
2020-09-10,236.59,243.67,229.55,231.17,1658446.0
2020-09-09,233.7,235.6183,226.5301,233.11,1730285.0
2020-09-08,223.18,234.55,222.3277,226.16,2196727.0
2020-09-04,245.15,248.0,223.01,233.5,3649396.0
2020-09-03,255.02,258.42,243.76,248.39,3391083.0
2020-09-02,279.11,279.4137,258.78,264.2,2905051.0
2020-09-01,274.36,283.34,272.0,273.24,2739645.0
2020-08-31,266.14,270.74,261.9,269.76,1783694.0
2020-08-28,264.0,274.36,262.5,264.45,2030200.0
2020-08-27,265.0,268.73,260.2,261.52,2539178.0
2020-08-26,254.0,267.94,253.17,265.02,2960161.0
2020-08-25,242.7,250.3595,240.71,249.51,1834560.0
2020-08-24,254.29,254.52,240.33,245.47,1993503.0
2020-08-21,259.92,261.45,251.1,251.26,1608268.0
2020-08-20,248.02,258.6,247.0,257.65,2050254.0
2020-08-19,250.81,253.4,248.5,251.0,1559545.0
2020-08-18,250.05,254.8,247.44,251.94,2245017.0
2020-08-17,242.99,249.12,242.0,247.8,2062634.0
2020-08-14,246.0,247.0,238.515,240.06,1508237.0
2020-08-13,243.64,248.35,242.61,243.99,1845279.0
2020-08-12,244.47,247.52,240.24,240.93,2443429.0
2020-08-11,246.59,252.29,242.66,244.49,3049938.0
2020-08-10,248.12,252.7,241.36,250.05,4921207.0
2020-08-07,245.83,257.5,241.73,249.0,9523249.0
2020-08-06,272.63,275.39,260.0,260.49,4322467.0
2020-08-05,277.0,280.56,268.62,278.11,6259492.0
2020-08-04,285.0,286.99,280.1295,283.76,5245178.0
2020-08-03,282.18,288.8112,279.3127,286.33,3743583.0
2020-07-31,273.0,277.42,267.14,277.42,3379469.0
2020-07-30,263.49,269.78,259.41,267.45,2568714.0
2020-07-29,253.09,265.36,250.4709,264.62,3265506.0
2020-07-28,252.96,256.31,249.56,249.79,1562226.0
2020-07-27,252.0,256.6,247.6178,252.86,1611138.0
2020-07-24,248.5,250.48,235.7,248.29,2787047.0
2020-07-23,263.5,270.5,253.29,254.32,3054120.0
2020-07-22,262.53,271.0,260.1261,262.05,3224227.0
2020-07-21,263.55,264.5,250.05,260.51,4315117.0
2020-07-20,240.0,264.365,237.535,262.97,5170437.0
2020-07-17,225.8,239.63,222.97,238.57,4637100.0
2020-07-16,221.98,224.0,217.24,222.38,2460500.0
2020-07-15,226.28,226.68,216.78,224.27,2371800.0
2020-07-14,222.11,227.36,214.32,223.82,3198800.0
2020-07-13,241.62,244.0,223.37,224.8,2690100.0
2020-07-10,245.0,245.3,238.65,240.58,2185100.0
2020-07-09,245.5,247.5,237.44,245.3,2608600.0
2020-07-08,235.5,244.99,234.92,243.61,3513800.0
2020-07-07,235.23,239.47,232.82,233.3,1942800.0
2020-07-06,237.66,242.0,232.57,235.44,2573200.0
2020-07-02,230.61,236.5,227.46,232.35,3372900.0
2020-07-01,218.13,228.69,217.0,227.77,2207600.0
2020-06-30,211.08,221.0,208.95,219.42,2748800.0
2020-06-29,221.03,222.15,206.56,210.99,3290600.0
2020-06-26,217.87,222.38,211.64,221.15,5133670.0
2020-06-25,212.81,216.55,207.56,216.52,2522708.0
2020-06-24,214.87,219.05,209.2226,212.17,2462870.0
2020-06-23,216.98,219.64,213.58,215.25,2316689.0
2020-06-22,212.56,218.8,212.472,216.25,2148954.0
2020-06-19,218.0,218.49,210.0,210.29,3519930.0
2020-06-18,210.07,216.0,208.45,215.29,2481969.0
2020-06-17,211.31,216.62,209.25,211.28,3758023.0
2020-06-16,202.5,210.4,196.74,209.69,4026464.0
2020-06-15,198.19,204.0,193.493,203.3,3539485.0
2020-06-12,193.08,196.3399,188.64,191.89,2571456.0
2020-06-11,199.47,202.78,187.53,188.42,3809261.0
2020-06-10,196.41,205.0,194.0,203.08,2989520.0
2020-06-09,197.98,199.83,193.5994,194.27,1884417.0
2020-06-08,195.25,198.43,189.66,196.73,2384470.0
2020-06-05,185.55,198.9799,182.12,196.71,3053644.0
2020-06-04,201.18,203.1246,191.53,193.05,2897100.0
2020-06-03,199.0,203.28,197.82,200.8,2520552.0
2020-06-02,198.8,202.4,195.3595,201.67,2488811.0
2020-06-01,195.79,202.75,195.24,199.0,2794512.0
2020-05-29,197.52,197.9103,192.03,197.6,2925063.0
2020-05-28,190.33,198.7,189.42,191.4,3148777.0
2020-05-27,189.33,192.98,177.13,192.35,6720344.0
2020-05-26,209.0,209.94,195.0,196.4,6333364.0
2020-05-22,200.17,209.5,196.11,208.62,7133901.0
2020-05-21,192.9,197.3,188.04,194.0,4374101.0
2020-05-20,187.12,192.65,186.31,191.91,5438016.0
2020-05-19,183.05,188.49,180.555,183.24,4363207.0
2020-05-18,189.63,193.7,183.1,183.39,4429525.0
2020-05-15,188.41,195.15,187.8,189.22,5681053.0
2020-05-14,186.07,193.0659,183.7734,191.86,5638747.0
2020-05-13,192.11,195.5453,180.3,187.42,10967855.0
2020-05-12,187.0,197.15,181.6,190.29,11588485.0
2020-05-11,179.98,189.97,179.0,186.61,9732668.0
2020-05-08,167.01,182.39,165.11,179.69,16949564.0
2020-05-07,152.4,176.3699,152.4,170.89,31077133.0
2020-05-06,117.05,123.64,116.51,122.4,5863077.0
2020-05-05,115.28,119.19,114.05,116.57,2583732.0
2020-05-04,106.98,113.92,106.2374,113.25,2425199.0
2020-05-01,109.39,113.69,107.9537,107.98,2692524.0
2020-04-30,111.13,116.84,110.8,112.3,3205707.0
2020-04-29,106.07,111.98,105.4,111.3,2432684.0
2020-04-28,110.05,110.57,104.4,104.59,2263455.0
2020-04-27,111.15,112.6869,108.9116,109.42,1550668.0
2020-04-24,108.08,110.8,105.7,109.95,1779119.0
2020-04-23,105.0,109.43,105.0,107.51,1761000.0
2020-04-22,106.9,109.36,105.875,107.89,1266705.0
2020-04-21,107.53,109.485,100.41,105.0,3420720.0
2020-04-20,106.6,111.49,106.55,108.37,2433216.0
2020-04-17,106.5,108.32,104.3827,107.88,2785774.0
2020-04-16,101.85,106.82,101.52,103.63,2964183.0
2020-04-15,99.46,101.69,97.425,100.82,2046473.0
2020-04-14,98.54,100.92,98.01,98.79,2125066.0
2020-04-13,95.3,96.29,92.7079,95.89,1574704.0
2020-04-09,92.58,97.45,92.14,95.34,2926155.0
2020-04-08,88.45,92.35,88.15,91.73,2822304.0
2020-04-07,88.0,90.29,84.02,87.22,3414838.0
2020-04-06,84.0,86.95,82.44,86.66,2932124.0
2020-04-03,82.58,83.0,79.25,80.69,2892117.0
2020-04-02,83.79,86.41,81.51,83.32,2605995.0
2020-04-01,87.0,87.88,84.54,84.93,2741598.0
2020-03-31,92.34,95.45,88.94,89.49,5209532.0
2020-03-30,97.57,99.42,95.31,97.0,2592268.0
2020-03-27,98.0,98.96,95.51,96.63,2200042.0
2020-03-26,97.21,102.685,96.77,100.69,3635559.0
2020-03-25,98.89,101.79,95.76,96.83,3620992.0
2020-03-24,93.0,98.74,93.0,97.53,4240690.0
2020-03-23,84.61,90.49,81.3565,89.74,4061750.0
2020-03-20,83.22,89.39,83.01,84.14,3762420.0
2020-03-19,74.25,83.31,71.57,82.5,4207547.0
2020-03-18,72.57,78.4599,70.26,74.09,2754362.0
2020-03-17,72.23,80.66,72.23,77.62,3609646.0
2020-03-16,69.42,77.99,68.0555,71.7,3434116.0
2020-03-13,83.18,83.18,73.72,79.99,5843720.0
2020-03-12,77.08,82.82,75.75,78.34,5286191.0
2020-03-11,90.18,92.42,85.1754,87.01,4492784.0
2020-03-10,96.47,96.81,89.55,92.61,5081547.0
2020-03-09,92.88,98.99,91.0,93.05,3735601.0
2020-03-06,103.5,104.35,98.58,101.77,3455254.0
2020-03-05,103.81,108.58,102.84,105.99,2915479.0
2020-03-04,106.86,107.26,103.8313,104.88,3982904.0
2020-03-03,111.57,112.2799,102.26,105.37,5309534.0
2020-03-02,113.7,114.25,108.01,111.48,3216298.0
2020-02-28,105.97,112.65,105.73,112.64,3813877.0
2020-02-27,107.52,114.9,105.27,110.91,3418397.0
2020-02-26,113.11,115.84,111.12,112.96,2605310.0
2020-02-25,119.0,120.1246,111.665,112.31,4466649.0
2020-02-24,115.0,118.602,113.03,117.94,4117284.0
2020-02-21,125.38,125.74,120.9,123.27,2566833.0
2020-02-20,128.0,128.56,123.1,126.71,2698249.0
2020-02-19,128.76,129.65,127.92,128.06,1982754.0
2020-02-18,127.5,129.13,126.02,128.14,3168380.0
2020-02-14,128.87,129.7262,127.51,127.74,2109215.0
2020-02-13,125.63,130.53,125.0,128.67,3601041.0
2020-02-12,125.56,126.18,122.45,125.92,2163764.0
2020-02-11,126.43,127.17,124.46,125.41,2199771.0
2020-02-10,122.3,126.78,121.59,125.71,3273067.0
2020-02-07,119.78,122.88,117.92,122.21,5545648.0
2020-02-06,120.6,125.66,116.38,117.87,13781352.0
2020-02-05,133.0,133.0,126.4,127.15,6693795.0
2020-02-04,130.39,132.02,128.6,131.9,3341577.0
2020-02-03,124.31,128.18,123.38,128.18,3329222.0
2020-01-31,126.53,127.5,122.96,124.34,3028061.0
2020-01-30,122.5,125.59,122.01,124.81,1920335.0
2020-01-29,123.9,125.19,121.66,123.8,2521231.0
2020-01-28,122.43,125.7768,121.12,122.76,3780257.0
2020-01-27,116.92,121.11,115.02,120.55,2172529.0
2020-01-24,122.01,123.37,119.55,121.38,2929816.0
2020-01-23,120.0,121.83,118.83,120.8,3422709.0
2020-01-22,119.85,120.9,118.92,119.12,2293915.0
2020-01-21,118.9,120.53,117.23,119.08,2318317.0
2020-01-17,119.22,120.48,118.05,119.36,2592233.0
2020-01-16,121.24,121.6,118.3001,119.58,3203557.0
2020-01-15,119.43,123.78,119.22,119.88,4904193.0
2020-01-14,120.07,120.8666,117.21,119.02,3139792.0
2020-01-13,117.29,120.45,116.85,120.34,3826611.0
2020-01-10,115.0,116.49,114.05,115.74,4633322.0
2020-01-09,111.33,113.15,110.3601,113.02,3788858.0
2020-01-08,108.8,110.82,108.2,109.39,3034975.0
2020-01-07,107.63,109.94,107.37,108.06,2646387.0
2020-01-06,102.74,107.74,101.77,107.46,3938663.0
2020-01-03,101.1,104.55,100.76,103.52,2502762.0
2020-01-02,100.01,103.15,99.66,103.15,2876697.0
2019-12-31,96.81,98.74,96.68,98.28,2018899.0
2019-12-30,99.6,100.17,96.7,97.79,2317892.0
2019-12-27,103.34,103.34,100.05,100.43,1928474.0
2019-12-26,100.89,103.58,100.4,102.61,2029809.0
2019-12-24,99.92,100.73,99.06,100.55,948094.0
2019-12-23,100.55,101.6,100.2,100.39,1409788.0
2019-12-20,100.14,101.37,99.57,100.26,2500784.0
2019-12-19,98.21,99.92,97.71,99.88,1782573.0
2019-12-18,97.76,99.94,97.54,98.43,2226148.0
2019-12-17,99.15,99.32,97.0,97.59,2177076.0
2019-12-16,98.24,100.2,97.345,98.85,2483949.0
2019-12-13,97.01,99.32,96.94,97.98,3008513.0
2019-12-12,96.2,97.38,95.33,96.86,2720030.0
2019-12-11,97.54,97.74,95.06,96.23,2427921.0
2019-12-10,99.45,99.62,96.75,97.36,1572727.0
2019-12-09,98.66,100.55,98.55,98.99,2051255.0
2019-12-06,97.82,99.3581,96.26,98.54,1925578.0
2019-12-05,98.5,99.45,97.4,97.54,1609824.0
2019-12-04,99.27,100.65,97.875,98.93,2363615.0
2019-12-03,95.65,99.56,94.8779,99.28,2663132.0
2019-12-02,102.66,102.76,95.67,97.65,5266495.0
2019-11-29,102.2,103.6,101.81,103.28,1132189.0
2019-11-27,102.85,103.4,101.5564,103.0,1814792.0
2019-11-26,103.0,103.54,101.77,102.59,3177154.0
2019-11-25,105.0,105.298,103.16,103.36,2331252.0
2019-11-22,103.8,104.5,102.78,104.29,1963524.0
2019-11-21,104.07,105.35,102.9,103.53,1733911.0
2019-11-20,103.27,105.59,102.54,103.74,3742924.0
2019-11-19,102.0,103.58,100.62,103.0,2533470.0
2019-11-18,99.51,102.63,98.6,101.66,3990638.0
2019-11-15,99.25,99.58,97.56,99.54,2846638.0
2019-11-14,98.06,99.31,96.85,98.11,2665512.0
2019-11-13,94.93,98.36,94.43,98.34,3798699.0
2019-11-12,96.5,100.12,91.37,95.09,13288517.0
2019-11-11,94.0,97.37,93.5,96.17,4349300.0
2019-11-08,90.75,93.92,90.5536,93.23,2919297.0
2019-11-07,92.1,92.95,90.61,91.06,2952587.0
2019-11-06,91.5,93.48,90.15,92.27,3475438.0
2019-11-05,92.0,93.46,89.81,91.33,5189442.0
2019-11-04,96.46,96.75,91.64,92.01,8410842.0
2019-11-01,95.64,98.87,95.51,97.06,4928980.0
2019-10-31,98.58,99.785,92.89,96.56,15358337.0
2019-10-30,107.01,109.66,105.6,107.7,7060347.0
2019-10-29,106.12,107.54,105.09,105.1,2738987.0
2019-10-28,107.67,107.9861,105.49,106.4,2135868.0
2019-10-25,104.5,107.9,103.4,106.98,2699311.0
2019-10-24,102.85,105.94,102.3101,105.63,3742348.0
2019-10-23,100.2,104.39,99.7,100.5,4405580.0
2019-10-22,106.78,106.78,100.08,100.65,6079769.0
2019-10-21,106.6,107.78,104.8271,105.54,3215920.0
2019-10-18,110.26,110.36,103.8,106.35,4827524.0
2019-10-17,110.13,110.49,107.9101,110.05,2640267.0
2019-10-16,111.62,112.87,108.8679,109.8,4341899.0
2019-10-15,117.0,118.34,115.0,115.21,2205114.0
2019-10-14,114.07,117.05,113.55,116.59,1847144.0
2019-10-11,112.64,115.43,111.1,114.34,4009799.0
2019-10-10,110.35,112.52,110.05,110.29,2089032.0
2019-10-09,109.44,111.43,108.31,111.03,1911591.0
2019-10-08,111.67,112.6894,108.28,108.4,2828648.0
2019-10-07,111.16,113.805,110.8502,112.91,2231705.0
2019-10-04,111.41,112.837,109.8756,112.08,3503031.0
2019-10-03,106.87,111.39,104.15,110.5,5581321.0
2019-10-02,107.5,109.3,105.3991,106.61,3044772.0
2019-10-01,109.6,110.82,107.91,109.73,3001763.0
2019-09-30,106.5,110.85,104.2156,109.96,4788337.0
2019-09-27,110.24,111.13,104.8401,106.56,3855567.0
2019-09-26,111.39,112.31,108.41,110.9,3024162.0
2019-09-25,108.45,110.8,105.13,110.43,3989343.0
2019-09-24,112.98,113.47,106.83,109.11,4902268.0
2019-09-23,113.75,114.54,112.93,112.93,2092945.0
2019-09-20,115.89,117.23,111.1955,114.22,5706895.0
2019-09-19,117.0,117.0,113.33,115.11,5739685.0
2019-09-18,112.5,112.99,110.88,112.55,3295226.0
2019-09-17,112.95,113.25,110.1101,112.32,3320984.0
2019-09-16,108.39,111.815,107.6642,110.65,3040627.0
2019-09-13,112.47,113.08,108.72,109.59,4029371.0
2019-09-12,111.9,115.21,111.35,113.1,6367339.0
2019-09-11,110.71,113.74,109.55,109.72,7367997.0
2019-09-10,109.87,115.985,107.0,110.01,8080963.0
2019-09-09,123.99,124.35,108.6,111.88,11792717.0
2019-09-06,130.89,131.56,123.35,123.7,3834121.0
2019-09-05,133.57,133.99,127.44,129.73,4098583.0
2019-09-04,130.6,133.9673,130.0,132.32,1873109.0
2019-09-03,129.5,131.76,128.4001,129.7,2330883.0
2019-08-30,133.22,133.22,127.77,130.47,2124445.0
2019-08-29,132.28,133.95,131.34,132.05,2311489.0
2019-08-28,130.24,131.62,128.1,130.91,1771036.0
2019-08-27,131.3,134.59,128.69,131.48,2634778.0
2019-08-26,129.32,130.2,126.42,129.98,2302021.0
2019-08-23,130.45,133.8,127.57,127.96,2954384.0
2019-08-22,131.55,132.0,127.44,130.5,2208093.0
2019-08-21,128.22,132.58,127.66,131.06,3164581.0
2019-08-20,125.55,128.1,124.5,126.86,1869076.0
2019-08-19,126.45,127.83,125.31,125.61,2859275.0
2019-08-16,124.46,126.5699,123.75,124.76,2453378.0
2019-08-15,126.31,126.8899,122.02,123.17,3335219.0
2019-08-14,128.1,129.6,123.43,124.75,4636514.0
2019-08-13,130.42,134.24,129.51,132.05,3716403.0
2019-08-12,132.48,133.5099,127.7,131.49,4485435.0
2019-08-09,130.44,134.97,129.6409,133.72,4149894.0
2019-08-08,125.71,131.68,125.14,131.68,4774221.0
2019-08-07,124.5,126.89,122.5175,123.9,3784533.0
2019-08-06,126.9,127.8658,123.67,125.57,5265292.0
2019-08-05,126.0,126.73,122.11,124.52,9018292.0
2019-08-02,136.42,136.72,132.16,133.7,5075841.0
2019-08-01,137.99,143.98,135.55,137.83,8147724.0
2019-07-31,141.05,142.9,136.11,139.11,6113093.0
2019-07-30,140.9,143.9,139.56,140.0,4478960.0
2019-07-29,150.0,150.3899,140.08,141.5,5350667.0
2019-07-26,148.15,150.37,148.0809,149.95,3136309.0
2019-07-25,147.61,149.5,146.2,147.76,2323852.0
2019-07-24,145.46,147.71,143.1732,147.61,2390850.0
2019-07-23,148.2,148.9888,143.48,145.57,2811129.0
2019-07-22,146.19,150.44,146.02,147.46,3455679.0
2019-07-19,146.9,147.69,145.0,145.62,2771677.0
2019-07-18,144.43,147.165,143.31,145.98,3996568.0
2019-07-17,142.77,146.47,142.26,145.86,2459492.0
2019-07-16,146.0,147.35,141.61,142.59,3081467.0
2019-07-15,142.38,145.87,140.8563,145.4,2606896.0
2019-07-12,144.0,144.89,140.6701,142.15,2886868.0
2019-07-11,146.16,146.9,142.71,144.26,2730144.0
2019-07-10,147.6,149.98,145.15,145.44,3419273.0
2019-07-09,144.49,146.85,143.15,145.25,3101413.0
2019-07-08,138.51,145.58,138.1,144.73,3553725.0
2019-07-05,138.43,140.29,134.745,140.27,3430393.0
2019-07-03,138.6,140.99,138.21,139.21,2256752.0
2019-07-02,137.73,139.5,136.5224,137.5,2786822.0
2019-07-01,138.32,139.15,135.265,136.86,3075939.0
2019-06-28,137.46,138.78,134.01,136.35,4233398.0
2019-06-27,133.96,138.4,133.4824,137.32,3462536.0
2019-06-26,137.18,139.5008,133.55,134.18,3558662.0
2019-06-25,138.51,138.75,133.6844,134.87,3556236.0
2019-06-24,144.53,144.6999,137.68,138.41,3782595.0
2019-06-21,145.15,146.88,142.75,144.0,4127383.0
2019-06-20,149.46,151.0,145.05,146.66,3468724.0
2019-06-19,142.65,147.1,140.71,146.5,2734849.0
2019-06-18,144.98,145.49,141.98,142.29,3573514.0
2019-06-17,140.66,144.02,139.2,140.71,3357431.0
2019-06-14,140.76,141.28,138.59,140.17,2308799.0
2019-06-13,143.09,143.88,139.96,141.06,2317986.0
2019-06-12,141.47,144.34,139.5,143.09,2941386.0
2019-06-11,145.0,146.29,138.03,140.69,3848935.0
2019-06-10,145.0,148.8,143.03,143.62,4185169.0
2019-06-07,141.12,144.62,140.5,144.11,4964149.0
2019-06-06,136.85,140.39,131.37,139.63,4927267.0
2019-06-05,130.94,137.08,128.63,136.77,5047904.0
2019-06-04,126.3,128.89,123.66,128.39,5298199.0
2019-06-03,132.77,135.4971,123.26,124.54,6179001.0
2019-05-31,124.39,134.25,123.0,131.99,10270773.0
2019-05-30,126.65,128.72,123.44,126.93,4575424.0
2019-05-29,131.13,132.97,128.28,129.17,3297197.0
2019-05-28,134.45,137.3512,131.9006,132.95,6369120.0
2019-05-24,134.7,136.81,133.1001,133.9,3394950.0
2019-05-23,136.48,136.5996,130.85,132.96,3492813.0
2019-05-22,136.94,141.16,136.7425,137.84,2631568.0
2019-05-21,139.0,141.38,137.63,137.71,3340135.0
2019-05-20,137.5,140.4675,136.14,137.66,3715283.0
2019-05-17,140.64,143.05,137.9,140.49,5267951.0
2019-05-16,136.03,144.62,136.0,142.37,7630942.0
2019-05-15,127.82,135.5,127.82,135.45,5056032.0
2019-05-14,126.0,131.1517,124.2182,131.08,5825658.0
2019-05-13,130.9,131.99,122.56,123.39,7305183.0
2019-05-10,132.6,136.34,130.1434,134.28,4840140.0
2019-05-09,130.68,133.25,126.82,133.13,3957837.0
2019-05-08,129.0,132.946,128.3787,131.66,2982738.0
2019-05-07,132.34,132.94,127.54,129.58,4567876.0
2019-05-06,127.04,132.28,126.8,131.8,4062804.0
2019-05-03,131.94,132.26,129.02,130.87,3793818.0
2019-05-02,127.78,134.38,126.75,131.94,5990310.0
2019-05-01,142.2,142.2,128.2101,128.57,14134120.0
2019-04-30,134.1,137.19,132.01,137.14,5250281.0
2019-04-29,135.9,137.4,134.34,135.99,3666530.0
2019-04-26,133.0,135.19,131.01,134.92,2846216.0
2019-04-25,131.23,134.37,129.53,132.25,2893038.0
2019-04-24,130.1,131.2,128.675,129.99,2192351.0
2019-04-23,129.16,130.31,126.9402,129.27,2988078.0
2019-04-22,122.0,128.3,121.53,127.96,2723663.0
2019-04-18,122.3,123.0,118.56,122.13,4225517.0
2019-04-17,127.2,127.35,121.6,123.08,2732515.0
2019-04-16,126.75,130.15,125.96,126.56,2843513.0
2019-04-15,125.3,127.78,123.81,127.19,2375359.0
2019-04-12,126.26,126.75,123.5974,125.72,2454947.0
2019-04-11,125.8,126.47,123.1,125.7,1875911.0
2019-04-10,123.44,125.79,122.4301,125.22,2188756.0
2019-04-09,122.23,124.93,121.585,122.7,2842091.0
2019-04-08,121.67,122.4,119.1,122.12,2707087.0
2019-04-05,123.15,123.91,120.54,122.42,4574211.0
2019-04-04,129.92,130.23,118.48,122.37,7238289.0
2019-04-03,130.52,131.65,128.6,129.38,1833856.0
2019-04-02,127.01,130.0,125.88,129.79,2379823.0
2019-04-01,131.58,131.95,125.32,127.67,3895862.0
2019-03-29,127.15,130.72,126.14,129.18,3286395.0
2019-03-28,127.65,128.37,124.12,125.73,3610295.0
2019-03-27,132.4,132.5767,124.62,126.48,4029987.0
2019-03-26,133.51,134.85,130.47,131.87,2608140.0
2019-03-25,129.52,132.89,127.27,131.55,4337133.0
2019-03-22,135.0,135.7872,128.6601,129.53,4193933.0
2019-03-21,130.18,136.0,130.02,135.66,3838373.0
2019-03-20,130.1,132.39,127.68,130.65,2772561.0
2019-03-19,130.12,131.76,128.57,130.38,3247140.0
2019-03-18,131.3,133.32,127.16,129.35,3785434.0
2019-03-15,129.19,130.72,127.44,129.41,3593027.0
2019-03-14,127.01,131.36,126.4124,130.0,3826756.0
2019-03-13,126.66,129.43,125.91,126.78,4109922.0
2019-03-12,122.87,126.96,121.34,125.7,4188412.0
2019-03-11,117.4,123.0,117.33,122.09,4003111.0
2019-03-08,113.22,117.0,111.52,116.8,2833926.0
2019-03-07,114.74,117.57,113.71,115.5,4136577.0
2019-03-06,115.0,116.48,113.11,114.63,3212459.0
2019-03-05,115.0,115.24,110.6,115.18,4731475.0
2019-03-04,124.71,124.85,112.2533,116.1,6576892.0
2019-03-01,123.25,123.9,121.27,123.53,3026135.0
2019-02-28,118.85,122.37,118.33,121.69,4219169.0
2019-02-27,116.41,119.47,116.35,119.46,3262646.0
2019-02-26,117.1,118.96,116.25,116.92,2456753.0
2019-02-25,118.57,121.1,116.3259,118.27,4416550.0
2019-02-22,114.1,116.61,113.63,116.55,3173045.0
2019-02-21,116.44,116.5087,111.72,113.16,4667369.0
2019-02-20,113.0,119.25,112.75,116.3,8181092.0
2019-02-19,106.09,112.85,106.08,112.57,7687903.0
2019-02-15,106.2,107.6584,104.25,106.85,5239298.0
2019-02-14,105.47,108.55,103.25,107.27,9540177.0
2019-02-13,114.19,116.89,105.6,106.87,19247630.0
2019-02-12,115.75,116.67,114.46,115.29,6914358.0
2019-02-11,118.5,119.0,113.71,115.75,6263741.0
2019-02-08,108.88,114.9164,108.8,114.78,3163484.0
2019-02-07,111.5,111.538,108.26,110.12,3291264.0
2019-02-06,114.12,114.9899,109.4,113.34,2603800.0
2019-02-05,113.82,116.54,113.01,113.89,3850683.0
2019-02-04,113.14,114.66,112.4,113.38,3008425.0
2019-02-01,111.31,113.5,110.2638,112.88,4419135.0
2019-01-31,103.8,113.325,103.8,111.32,7323177.0
2019-01-30,101.08,104.03,99.79,103.82,2567958.0
2019-01-29,102.88,103.06,99.12,99.3,2295415.0
2019-01-28,102.9,103.33,99.9,102.16,2317092.0
2019-01-25,102.1,105.49,101.88,104.18,2608628.0
2019-01-24,100.41,102.43,100.2423,101.55,2313453.0
2019-01-23,101.33,103.25,99.06,100.4,2954648.0
2019-01-22,104.02,104.05,98.3954,99.52,3935355.0
2019-01-18,103.98,106.0,101.36,105.32,4084318.0
2019-01-17,100.11,104.12,99.23,102.11,4631632.0
2019-01-16,102.0,103.75,97.59,99.97,4707523.0
2019-01-15,98.52,101.8251,97.361,100.45,3474460.0
2019-01-14,95.12,98.8,94.03,97.76,3686107.0
2019-01-11,96.0,101.7,95.6384,96.83,6437315.0
2019-01-10,94.87,97.85,93.57,96.2,2227612.0
2019-01-09,97.5,98.06,94.75,96.41,2535503.0
2019-01-08,98.64,100.95,92.58,97.6,5503256.0
2019-01-07,91.31,99.4,91.25,96.98,8585974.0
2019-01-04,84.22,89.4,83.2,88.55,3718626.0
2019-01-03,85.06,86.48,80.13,81.25,4789321.0
2019-01-02,87.45,88.96,84.1,86.97,3818544.0
2018-12-31,87.08,91.1,86.37,89.3,4252730.0
2018-12-28,88.0,88.1,83.7301,86.02,4093096.0
2018-12-27,83.83,87.91,81.15,87.38,4095521.0
2018-12-26,76.57,85.6,76.57,85.39,5374550.0
2018-12-24,74.0,77.57,73.15,75.59,1736856.0
2018-12-21,80.29,81.0,75.09,76.15,5181938.0
2018-12-20,84.49,86.65,76.02,80.48,7151854.0
2018-12-19,85.61,89.91,84.05,85.7,4200094.0
2018-12-18,89.24,89.8179,82.79,85.29,5954898.0
2018-12-17,90.55,91.19,86.71,87.45,4565076.0
2018-12-14,93.73,95.03,90.7,91.62,5062829.0
2018-12-13,97.15,98.9,93.02,95.97,3779276.0
2018-12-12,94.49,100.47,93.6591,96.67,7784261.0
2018-12-11,94.09,94.2427,90.9201,92.72,3183057.0
2018-12-10,88.26,92.25,87.72,91.84,3908849.0
2018-12-07,95.26,96.3706,87.76,89.33,4400640.0
2018-12-06,87.25,96.45,85.6814,96.19,6160773.0
2018-12-04,93.78,96.78,89.36,89.7,5553388.0
2018-12-03,97.32,97.55,92.5917,95.62,5701721.0
2018-11-30,92.44,94.93,91.96,94.49,3985561.0
2018-11-29,90.6,93.54,90.36,92.48,4336356.0
2018-11-28,89.0,92.19,85.61,91.81,6637657.0
2018-11-27,86.24,87.2,84.5,86.52,4676662.0
2018-11-26,82.27,88.88,82.19,87.41,7072448.0
2018-11-23,75.5,81.41,75.0614,80.62,2582689.0
2018-11-21,78.5,78.71,75.34,76.96,3926593.0
2018-11-20,71.61,78.64,71.555,75.89,5957946.0
2018-11-19,89.0,90.0,76.34,76.9,9198555.0
2018-11-16,87.98,90.43,87.0101,89.17,3829317.0
2018-11-15,82.54,91.67,82.22,89.78,7370953.0
2018-11-14,86.73,87.45,82.6,83.96,4511255.0
2018-11-13,84.13,87.7899,83.69,85.1,4623596.0
2018-11-12,91.66,92.08,81.78,83.34,9714834.0
2018-11-09,90.5,95.89,89.87,92.23,8338101.0
2018-11-08,94.65,98.89,91.66,91.95,9755144.0
2018-11-07,82.25,96.97,80.7,96.19,25260928.0
2018-11-06,72.47,74.567,69.96,71.02,5630157.0
2018-11-05,74.32,74.32,70.18,71.77,3426394.0
2018-11-02,76.49,77.95,73.32,74.32,2474142.0
2018-11-01,75.29,76.9,73.2501,76.63,3073695.0
2018-10-31,72.37,76.15,71.67,75.22,4859873.0
2018-10-30,65.09,70.14,64.19,69.84,3886970.0
2018-10-29,67.38,68.71,64.6,65.98,3363938.0
2018-10-26,64.5,66.82,62.43,65.85,2866062.0
2018-10-25,64.5,67.75,64.3259,67.35,3504046.0
2018-10-24,70.2,70.53,63.9,63.98,3188486.0
2018-10-23,66.99,70.0,66.756,69.68,2916527.0
2018-10-22,67.76,69.88,65.6542,69.23,3481535.0
2018-10-19,72.61,73.71,66.33,66.41,4908951.0
2018-10-18,72.61,73.51,69.81,71.73,3998880.0
2018-10-17,76.02,76.58,71.32,74.01,5734720.0
2018-10-16,70.95,76.24,66.74,75.92,21867806.0
2018-10-15,74.63,77.14,73.0,76.13,3099125.0
2018-10-12,76.02,76.5,72.37,75.0,3636357.0
2018-10-11,67.35,72.99,67.08,69.29,4778960.0
2018-10-10,73.65,74.21,67.6956,68.02,4593201.0
2018-10-09,74.69,76.85,73.817,74.33,2925200.0
2018-10-08,75.52,75.89,71.46,74.09,2975079.0
2018-10-05,78.15,79.99,74.6,76.62,2516979.0
2018-10-04,80.16,80.495,76.0925,78.09,2458719.0
2018-10-03,80.35,81.82,79.63,80.9,2026786.0
2018-10-02,83.0,83.63,78.59,79.57,2844587.0
2018-10-01,87.0,87.55,83.1977,83.75,2150822.0
2018-09-28,85.5,87.87,85.5,86.28,1843883.0
2018-09-27,85.01,86.86,84.8,85.72,1210984.0
2018-09-26,88.09,88.88,84.55,84.79,1800949.0
2018-09-25,83.87,87.97,83.68,87.7,2658773.0
2018-09-24,82.35,84.39,80.77,83.36,1808248.0
2018-09-21,85.31,86.2385,83.27,83.73,1462727.0
2018-09-20,83.3,85.1599,81.18,84.83,2204041.0
2018-09-19,85.31,86.48,81.3,82.87,1857538.0
2018-09-18,84.35,86.8,84.32,85.38,2159336.0
2018-09-17,87.01,87.2399,83.01,84.41,2230583.0
2018-09-14,85.77,87.5,85.5801,87.28,1786677.0
2018-09-13,85.22,86.8204,84.0,85.31,2312659.0
2018-09-12,85.9,86.2116,81.5,85.01,2234819.0
2018-09-11,83.81,87.22,83.511,85.29,2296924.0
2018-09-10,82.51,84.6799,81.73,84.31,1595321.0
2018-09-07,80.0,84.83,79.71,82.32,1816635.0
2018-09-06,82.0,82.4899,78.92,80.5,2019249.0
2018-09-05,86.71,86.9,79.68,81.71,3697332.0
2018-09-04,82.27,87.91,81.0401,87.11,3705425.0
2018-08-31,79.51,81.1999,79.51,80.66,927208.0
2018-08-30,80.8,81.56,79.67,79.99,1237431.0
2018-08-29,80.17,81.73,79.89,80.99,1091402.0
2018-08-28,80.8,81.54,79.82,80.22,1559162.0
2018-08-27,81.5,81.98,79.8382,80.31,2374056.0
2018-08-24,81.78,82.78,80.14,81.16,2743897.0
2018-08-23,77.13,81.43,76.665,80.55,4340858.0
2018-08-22,75.89,76.69,75.21,76.44,1697333.0
2018-08-21,78.0,78.0,75.5,75.79,2041414.0
2018-08-20,77.6,78.94,76.63,78.05,2064013.0
2018-08-17,75.7,77.65,74.52,77.49,1625521.0
2018-08-16,75.93,76.73,75.288,75.7,1659304.0
2018-08-15,73.14,75.8799,73.11,74.63,2348701.0
2018-08-14,74.85,76.99,74.1,76.75,2775013.0
2018-08-13,77.4,78.0899,73.76,74.17,3178034.0
2018-08-10,77.07,79.47,76.6,77.49,1956220.0
2018-08-09,74.5,79.2,74.0,77.92,3928137.0
2018-08-08,74.06,76.97,73.0808,73.87,3643203.0
2018-08-07,74.75,77.31,72.24,75.1,12199921.0
2018-08-06,62.05,63.5867,62.01,63.27,4132157.0
2018-08-03,62.5,62.89,60.8,62.0,2208424.0
2018-08-02,58.88,62.495,58.51,62.25,2233811.0
2018-08-01,57.9,59.42,57.31,59.3,2682392.0
2018-07-31,57.78,58.69,55.58,57.89,2434814.0
2018-07-30,60.41,60.98,56.13,58.0,2330552.0
2018-07-27,64.08,64.85,59.34,60.71,1913507.0
2018-07-26,63.2,64.47,62.23,64.03,1272225.0
2018-07-25,62.09,64.5156,61.76,64.14,877636.0
2018-07-24,64.5,64.75,61.06,62.06,1917432.0
2018-07-23,62.66,64.19,61.8801,63.91,1296246.0
2018-07-20,62.94,63.24,62.2,62.66,721333.0
2018-07-19,64.0,64.2,62.62,62.88,1206026.0
2018-07-18,65.0,65.37,63.44,63.96,1906405.0
2018-07-17,60.51,65.01,60.33,65.0,4037432.0
2018-07-16,61.12,61.78,60.8,61.14,1086367.0
2018-07-13,61.6,62.39,60.11,61.14,1299278.0
2018-07-12,59.32,61.69,59.03,61.4,1523882.0
2018-07-11,58.51,59.415,58.28,58.73,915490.0
2018-07-10,59.35,59.77,58.27,58.69,1062529.0
2018-07-09,59.47,59.47,57.391,58.79,1326634.0
2018-07-06,56.87,58.58,56.44,58.47,1021337.0
2018-07-05,56.61,57.47,56.49,57.0,1991116.0
2018-07-03,56.93,57.27,55.73,56.17,724798.0
2018-07-02,55.25,56.85,54.5007,56.85,1040395.0
2018-06-29,56.43,56.83,55.36,56.02,1635096.0
2018-06-28,55.0,56.192,53.37,55.84,2483985.0
2018-06-27,58.5,59.98,54.22,54.3,2766963.0
2018-06-26,55.0,57.31,54.16,57.3,2388647.0
2018-06-25,55.25,56.15,53.17,54.47,2605200.0
2018-06-22,57.53,57.55,53.89,55.25,8052149.0
2018-06-21,59.9,59.9,56.4,56.96,3098637.0
2018-06-20,60.03,61.13,59.35,59.52,2103052.0
2018-06-19,60.27,61.279,57.08,59.8,3075538.0
2018-06-18,59.12,62.34,58.4,61.61,3628119.0
2018-06-15,58.61,60.0,58.04,59.95,1540264.0
2018-06-14,59.74,60.24,58.82,59.0,2274409.0
2018-06-13,60.16,60.35,58.88,59.56,1709194.0
2018-06-12,58.34,60.14,58.34,59.97,1565620.0
2018-06-11,58.19,58.5436,57.17,58.12,1053804.0
2018-06-08,56.15,58.2996,56.03,58.06,1746550.0
2018-06-07,58.86,59.0,55.091,56.4,2856839.0
2018-06-06,57.55,58.795,57.35,58.72,1428279.0
2018-06-05,57.76,58.41,56.86,57.48,2323743.0
2018-06-04,57.38,57.699,55.83,57.47,1636230.0
2018-06-01,54.55,57.71,54.345,57.48,3092694.0
2018-05-31,54.21,55.0,53.81,53.97,1242622.0
2018-05-30,54.0,54.399,53.55,54.03,1351636.0
2018-05-29,52.89,54.465,52.85,53.97,1672042.0
2018-05-25,53.03,53.58,52.79,53.25,1323087.0
2018-05-24,52.5,53.34,51.82,53.22,2589968.0
2018-05-23,53.16,53.2,51.88,52.54,2805841.0
2018-05-22,55.9,55.919,53.86,53.93,1599066.0
2018-05-21,55.68,56.66,54.5501,55.24,3382981.0
2018-05-18,53.57,55.79,53.57,55.14,2479288.0
2018-05-17,53.75,54.48,53.34,53.73,1805931.0
2018-05-16,52.88,54.47,52.58,53.72,2541727.0
2018-05-15,51.29,53.45,50.5696,53.13,5109414.0
2018-05-14,53.39,55.9998,52.18,52.52,5312139.0
2018-05-11,53.94,54.94,53.13,53.58,3011719.0
2018-05-10,52.44,55.2,51.66,54.91,4159703.0
2018-05-09,48.15,53.55,48.15,52.41,9272650.0
2018-05-08,44.05,44.69,43.64,44.35,3159057.0
2018-05-07,43.82,44.5102,43.25,44.09,2171228.0
2018-05-04,43.5,44.6199,43.0,43.5,1890609.0
2018-05-03,43.0,43.85,41.4302,43.71,1632239.0
2018-05-02,42.64,44.74,42.64,43.22,3107350.0
2018-05-01,41.93,42.965,41.6801,42.55,1964749.0
2018-04-30,41.81,42.37,41.41,42.21,2122807.0
2018-04-27,42.74,42.88,41.13,41.65,1367801.0
2018-04-26,41.52,42.65,41.12,42.39,1491702.0
2018-04-25,40.54,41.36,39.59,41.28,1333755.0
2018-04-24,41.66,41.97,39.735,40.62,1570568.0
2018-04-23,41.41,41.7992,40.871,41.4,972357.0
2018-04-20,41.8,42.39,41.0,41.22,1669095.0
2018-04-19,42.25,42.31,41.61,42.11,1792254.0
2018-04-18,41.41,42.505,40.96,42.34,1884413.0
2018-04-17,39.88,41.3535,39.82,41.17,1635308.0
2018-04-16,39.36,39.76,38.82,39.51,887342.0
2018-04-13,39.88,40.18,38.65,39.21,1088531.0
2018-04-12,39.5,39.79,38.65,39.7,1728957.0
2018-04-11,38.24,40.15,38.0,38.97,1779695.0
2018-04-10,38.0,38.83,37.125,38.21,1723979.0
2018-04-09,37.48,38.39,36.78,36.87,1280184.0
2018-04-06,37.63,38.3664,36.68,37.04,1297962.0
2018-04-05,38.8,39.09,37.66,38.09,1477228.0
2018-04-04,36.24,38.47,36.07,38.29,1533272.0
2018-04-03,37.13,37.56,36.33,37.32,1328016.0
2018-04-02,37.85,38.51,36.45,36.65,1441526.0
2018-03-29,37.64,38.67,37.01,38.18,1776636.0
2018-03-28,38.61,38.97,36.76,37.43,3370583.0
2018-03-27,42.37,42.5389,35.89,38.73,2962874.0
2018-03-26,40.58,42.14,39.94,42.06,1890164.0
2018-03-23,41.73,41.73,39.93,39.93,2023986.0
2018-03-22,40.73,42.41,40.301,41.65,2405405.0
2018-03-21,40.89,42.23,40.521,41.3,1665132.0
2018-03-20,40.34,41.22,39.9,40.89,1431468.0
2018-03-19,40.56,41.29,39.5252,40.31,2515727.0
2018-03-16,40.67,41.38,40.4,41.02,1351323.0
2018-03-15,41.0,41.2,39.93,40.78,1346163.0
2018-03-14,40.0,40.8904,39.35,40.79,1815887.0
2018-03-13,41.08,41.94,38.95,39.57,3175473.0
2018-03-12,39.67,41.38,39.6501,41.01,2900616.0
2018-03-09,39.41,39.93,38.84,39.51,2218433.0
2018-03-08,39.43,39.5,38.66,38.85,2305059.0
2018-03-07,37.4,39.65,37.255,39.23,2899735.0
2018-03-06,38.23,38.58,36.86,38.32,2607875.0
2018-03-05,37.15,38.99,36.73,38.23,4382761.0
2018-03-02,34.69,37.63,34.31,37.33,7319165.0
2018-03-01,34.8,35.3,34.23,34.96,2133480.0
2018-02-28,34.56,35.45,34.09,34.16,2316881.0
2018-02-27,33.6,34.68,33.34,34.44,2062157.0
2018-02-26,33.5,34.28,32.76,33.88,1960555.0
2018-02-23,32.68,33.5399,32.64,33.52,1352437.0
2018-02-22,33.33,33.57,32.25,32.44,1692066.0
2018-02-21,33.0,33.78,32.59,33.06,1825358.0
2018-02-20,32.86,33.88,32.65,33.01,2404104.0
2018-02-16,31.55,33.45,30.89,33.09,4794957.0
2018-02-15,30.8,32.58,30.7,32.13,5213620.0
2018-02-14,29.09,32.0,28.59,30.72,13300020.0
2018-02-13,25.83,26.7052,25.54,26.44,4118396.0
2018-02-12,24.73,25.88,24.63,25.79,2383051.0
2018-02-09,24.15,24.7,23.25,24.52,2534597.0
2018-02-08,24.81,24.82,23.9,23.91,1730772.0
2018-02-07,24.6,24.97,24.25,24.36,1463404.0
2018-02-06,23.72,24.83,23.44,24.64,1807870.0
2018-02-05,25.2,25.57,24.32,24.44,1847557.0
2018-02-02,25.95,26.01,25.4,25.55,2105455.0
2018-02-01,26.0,26.33,25.77,26.06,1024611.0
2018-01-31,26.28,26.73,26.08,26.24,914390.0
2018-01-30,26.03,26.34,25.779,26.1,889660.0
2018-01-29,26.54,26.78,26.26,26.39,1012655.0
2018-01-26,26.68,26.98,26.32,26.53,1161517.0
2018-01-25,27.05,27.14,26.27,26.52,1122309.0
2018-01-24,26.78,27.46,26.3,26.91,1921052.0
2018-01-23,26.29,26.755,26.01,26.63,1049976.0
2018-01-22,25.72,26.24,25.59,26.24,931609.0
2018-01-19,25.68,25.9,25.3787,25.71,1031126.0
2018-01-18,25.39,25.87,25.21,25.68,890523.0
2018-01-17,25.69,25.69,25.1,25.4,1129125.0
2018-01-16,26.47,26.86,25.16,25.33,1791839.0
2018-01-12,26.07,26.2,25.7,26.16,906122.0
2018-01-11,25.76,26.1778,25.71,26.03,1192066.0
2018-01-10,25.71,25.95,25.52,25.64,749674.0
2018-01-09,26.32,26.83,25.71,25.75,1594969.0
2018-01-08,25.76,26.25,25.58,26.17,1533792.0
2018-01-05,25.82,25.98,25.585,25.76,1023821.0
2018-01-04,25.95,26.3,25.55,25.68,1260767.0
2018-01-03,25.18,25.92,25.05,25.69,1632494.0
2018-01-02,24.13,25.26,24.1,25.1,1942387.0
2017-12-29,24.41,24.6,23.6,23.6,2726676.0
2017-12-28,24.61,24.87,24.26,24.38,1502487.0
2017-12-27,24.65,24.86,24.36,24.51,1238318.0
2017-12-26,24.8,25.03,24.56,24.72,995143.0
2017-12-22,24.38,24.98,24.26,24.81,1470767.0
2017-12-21,25.07,25.17,24.25,24.33,1938693.0
2017-12-20,25.01,25.29,24.6601,25.09,885239.0
2017-12-19,25.5,25.54,24.73,25.01,1298887.0
2017-12-18,25.58,25.73,25.32,25.4,1399150.0
2017-12-15,25.17,25.48,25.02,25.38,1424108.0
2017-12-14,25.52,25.55,25.16,25.17,1084466.0
2017-12-13,25.26,25.5797,25.14,25.33,1060454.0
2017-12-12,24.94,25.43,24.66,25.14,1776855.0
2017-12-11,24.8,25.28,24.8,24.82,1321060.0
2017-12-08,25.12,25.2492,24.59,24.74,1400167.0
2017-12-07,24.07,25.005,24.07,24.8,2213494.0
2017-12-06,25.0,25.1338,23.54,24.07,4788518.0
2017-12-05,25.9,25.9367,24.945,24.99,1642486.0
2017-12-04,26.32,26.7458,25.42,25.71,2944024.0
2017-12-01,26.68,26.98,25.98,26.07,2367810.0
2017-11-30,26.26,27.18,26.15,26.66,2120619.0
2017-11-29,26.45,26.55,25.4,26.23,1926243.0
2017-11-28,25.85,26.445,25.0,26.42,1982047.0
2017-11-27,26.17,26.57,25.8,25.82,1489466.0
2017-11-24,26.26,26.61,26.09,26.29,859013.0
2017-11-22,25.84,26.2,25.77,26.13,1229194.0
2017-11-21,26.07,26.26,25.75,25.91,1790912.0
2017-11-20,25.68,26.2,25.532,26.07,1692957.0
2017-11-17,26.09,26.38,25.6,25.68,1722655.0
2017-11-16,25.57,26.2,25.38,26.11,1811249.0
2017-11-15,25.29,25.75,25.23,25.29,1765262.0
2017-11-14,26.18,26.249,25.36,25.82,2692161.0
2017-11-13,25.3,26.4,25.21,26.4,2629031.0
2017-11-10,25.84,26.25,25.16,25.55,3418433.0
2017-11-09,28.5,28.5,25.52,25.93,7541730.0
2017-11-08,28.38,28.47,27.16,27.83,6177391.0
2017-11-07,29.8,29.89,28.05,28.38,2736757.0
2017-11-06,30.13,30.42,29.755,29.88,1125812.0
2017-11-03,30.35,30.74,29.63,30.24,1716400.0
2017-11-02,31.51,31.51,29.82,30.34,2231059.0
2017-11-01,32.08,32.199,31.42,31.51,1147972.0
2017-10-31,32.0,32.248,31.79,31.95,998481.0
2017-10-30,31.9,32.48,31.7,31.88,1001795.0
2017-10-27,31.76,32.1,31.29,31.99,1212814.0
2017-10-26,31.44,31.77,31.13,31.39,924630.0
2017-10-25,31.75,32.09,31.22,31.27,1524049.0
2017-10-24,32.17,32.2,31.75,31.9,1057734.0
2017-10-23,32.62,33.06,31.83,31.85,1310331.0
2017-10-20,31.86,33.069,31.47,32.62,3086135.0
2017-10-19,31.2,31.797,30.73,31.44,995702.0
2017-10-18,31.9,31.9,31.17,31.61,893359.0
2017-10-17,31.87,32.12,31.63,31.74,620830.0
2017-10-16,32.6,32.78,31.88,31.94,872298.0
2017-10-13,32.21,32.68,31.85,32.58,835353.0
2017-10-12,32.67,32.87,31.98,32.12,678923.0
2017-10-11,32.13,32.75,31.91,32.67,1139470.0
2017-10-10,32.47,32.88,31.79,32.13,1018586.0
2017-10-09,32.35,32.95,32.2,32.23,813484.0
2017-10-06,31.89,32.85,31.731,32.35,1221918.0
2017-10-05,31.67,32.22,31.61,32.16,1358999.0
2017-10-04,31.63,31.97,31.261,31.37,1109480.0
2017-10-03,31.02,31.76,30.87,31.57,1296955.0
2017-10-02,29.87,30.99,29.85,30.87,1486168.0
2017-09-29,29.6,30.0,29.52,29.85,904170.0
2017-09-28,29.03,29.7,28.6,29.68,1162132.0
2017-09-27,30.03,30.38,28.76,29.14,4743103.0
2017-09-26,29.63,29.9,26.86,27.52,4276221.0
2017-09-25,30.89,30.89,29.06,29.47,1708071.0
2017-09-22,30.25,31.16,30.25,30.83,898307.0
2017-09-21,30.58,30.97,30.05,30.5,911907.0
2017-09-20,30.97,30.971,30.315,30.51,915681.0
2017-09-19,31.47,31.542,30.95,31.04,564425.0
2017-09-18,30.87,31.66,30.85,31.14,1357335.0
2017-09-15,30.94,31.63,30.53,30.88,3358079.0
2017-09-14,30.58,31.28,30.53,31.04,950246.0
2017-09-13,30.29,31.11,30.29,30.62,1206762.0
2017-09-12,30.72,31.04,30.09,30.23,1415206.0
2017-09-11,30.06,30.75,30.027,30.65,1303179.0
2017-09-08,29.64,30.28,29.523,29.77,994536.0
2017-09-07,29.91,30.28,29.5,29.73,1175316.0
2017-09-06,29.26,30.194,29.17,29.88,1696163.0
2017-09-05,28.78,29.43,28.43,29.35,1450862.0
2017-09-01,29.35,29.695,28.8,28.96,1226052.0
2017-08-31,29.25,29.74,28.95,29.28,1567542.0
2017-08-30,29.1,29.39,28.852,29.23,842463.0
2017-08-29,28.32,29.27,28.25,28.99,1081266.0
2017-08-28,29.05,29.165,28.44,28.59,848506.0
2017-08-25,29.3,29.45,28.52,28.93,989678.0
2017-08-24,29.33,29.6,28.95,29.32,1435676.0
2017-08-23,28.8,29.2,28.69,28.98,835035.0
2017-08-22,29.22,29.265,28.21,29.05,1803591.0
2017-08-21,29.83,30.04,28.83,29.21,1232733.0
2017-08-18,30.2,30.5,29.68,29.91,1409815.0
2017-08-17,31.03,31.24,30.25,30.32,1429224.0
2017-08-16,31.06,31.69,31.0,31.06,1142795.0
2017-08-15,31.27,31.49,30.78,31.0,1357804.0
2017-08-14,31.8,32.0,31.06,31.41,1776392.0
2017-08-11,30.2,31.89,29.76,31.38,3415990.0
2017-08-10,32.33,32.4,30.07,30.28,4657267.0
2017-08-09,33.06,33.62,32.93,33.0,2023099.0
2017-08-08,34.19,34.74,32.41,33.58,12595311.0
2017-08-07,29.52,30.67,29.5,30.53,5186170.0
2017-08-04,28.99,29.39,28.73,29.21,1123871.0
2017-08-03,28.4,29.21,28.26,28.85,1677211.0
2017-08-02,29.04,29.04,27.93,28.4,1417340.0
2017-08-01,29.31,29.66,28.7,28.99,1416242.0
2017-07-31,30.0,30.35,28.55,29.17,1564521.0
2017-07-28,29.95,30.48,29.772,29.91,1277767.0
2017-07-27,31.51,31.63,29.7,30.15,1607865.0
2017-07-26,31.49,31.75,31.28,31.5,795119.0
2017-07-25,31.04,31.97,31.0,31.4,1188667.0
2017-07-24,31.08,31.24,30.678,30.99,1115185.0
2017-07-21,31.14,31.779,30.48,30.93,1604754.0
2017-07-20,31.58,32.23,30.83,31.06,2237185.0
2017-07-19,30.75,31.76,30.53,31.49,1650842.0
2017-07-18,30.45,31.023,30.02,30.41,1956455.0
2017-07-17,29.18,30.62,29.11,30.45,1589951.0
2017-07-14,29.62,29.68,28.88,29.23,1164378.0
2017-07-13,29.67,30.05,29.17,29.48,1452898.0
2017-07-12,29.68,29.75,29.36,29.46,1123783.0
2017-07-11,29.27,29.63,29.02,29.32,2042703.0
2017-07-10,28.35,29.05,28.29,28.75,785733.0
2017-07-07,28.43,28.82,28.18,28.43,1106204.0
2017-07-06,28.67,28.87,28.09,28.31,1111574.0
2017-07-05,28.95,29.24,28.31,29.07,1540136.0
2017-07-03,29.1,29.25,28.68,28.97,652065.0
2017-06-30,29.0,29.65,28.78,29.11,1966048.0
2017-06-29,29.11,29.66,28.25,29.0,1658555.0
2017-06-28,28.96,29.77,28.74,29.5,2911747.0
2017-06-27,29.15,29.8,28.409,28.6,2089804.0
2017-06-26,29.8,29.89,28.43,28.94,2642268.0
2017-06-23,28.81,29.9,28.81,29.71,8606408.0
2017-06-22,28.18,29.38,28.13,28.75,2902568.0
2017-06-21,27.83,28.37,27.796,28.32,1636063.0
2017-06-20,28.5,28.98,27.11,27.69,2951100.0
2017-06-19,27.47,28.75,27.47,28.37,3273585.0
2017-06-16,25.85,27.0,25.85,26.87,2908884.0
2017-06-15,25.44,26.21,25.33,25.85,1549092.0
2017-06-14,25.4,26.18,25.27,25.71,2442869.0
2017-06-13,24.81,25.88,24.81,25.49,2085144.0
2017-06-12,24.29,24.77,23.954,24.77,1890011.0
2017-06-09,25.41,25.87,24.37,24.64,2781975.0
2017-06-08,25.06,25.54,24.92,25.49,1464265.0
2017-06-07,25.46,25.97,25.16,25.25,1633741.0
2017-06-06,24.94,25.92,24.6,25.54,2319935.0
2017-06-05,24.81,25.49,24.555,24.95,2032318.0
2017-06-02,24.14,25.01,24.1,24.85,2031081.0
2017-06-01,24.39,24.47,23.83,24.15,2116894.0
2017-05-31,24.46,24.5,23.62,24.31,2635893.0
2017-05-30,24.95,25.0,24.368,24.5,1695051.0
2017-05-26,25.06,25.45,24.94,25.01,2183533.0
2017-05-25,25.67,25.9,24.79,25.0,3753687.0
2017-05-24,25.44,26.66,25.42,26.05,3242182.0
2017-05-23,25.17,25.6,24.909,25.56,2778622.0
2017-05-22,25.01,25.5,24.84,24.96,2369428.0
2017-05-19,24.36,25.42,24.15,25.16,2900233.0
2017-05-18,24.75,25.14,24.09,24.37,2684526.0
2017-05-17,24.67,25.16,24.62,24.81,3831251.0
2017-05-16,24.5,25.32,24.46,24.88,3596394.0
2017-05-15,24.26,24.35,23.68,24.3,2216777.0
2017-05-12,24.2,24.689,23.45,24.0,4427492.0
2017-05-11,23.16,23.327,23.0,23.3,2125540.0
2017-05-10,23.18,23.76,22.9,23.45,2967170.0
2017-05-09,23.73,23.84,23.1,23.17,3415423.0
2017-05-08,23.75,24.16,22.8,23.84,7400994.0
2017-05-05,25.01,25.29,23.88,23.97,7065334.0
2017-05-04,25.51,26.02,24.89,24.96,6086168.0
2017-05-03,24.6,26.44,24.15,25.01,23789051.0
2017-05-02,34.23,34.45,32.75,33.94,9901644.0
2017-05-01,33.1,34.45,33.031,34.39,3836017.0
2017-04-28,32.8,33.36,32.7,33.05,2280711.0
2017-04-27,32.26,33.29,32.25,32.84,2305956.0
2017-04-26,31.76,32.56,31.65,32.24,2596986.0
2017-04-25,30.87,32.13,30.79,31.93,2052452.0
2017-04-24,31.25,31.25,30.21,30.93,1670345.0
2017-04-21,31.44,31.631,30.4,30.82,1305255.0
2017-04-20,31.72,32.38,31.46,31.63,2179060.0
2017-04-19,31.09,32.25,31.09,31.76,2724762.0
2017-04-18,30.57,31.21,30.228,30.8,1565274.0
2017-04-17,30.33,30.85,29.84,30.8,1541519.0
2017-04-13,29.43,30.64,29.4,30.29,2483602.0
2017-04-12,29.67,30.19,29.2,29.56,3010584.0
2017-04-11,28.42,29.63,28.1,29.35,3087793.0
2017-04-10,28.31,28.87,27.65,28.47,3891447.0
2017-04-07,28.5,28.55,27.71,28.17,5267142.0
2017-04-06,26.94,27.14,26.76,26.93,1626410.0
2017-04-05,27.27,27.72,26.82,26.93,3005045.0
2017-04-04,28.51,28.85,26.95,27.27,3758871.0
2017-04-03,28.76,28.89,28.19,28.69,1751393.0
2017-03-31,28.47,29.26,28.26,28.87,1694561.0
2017-03-30,28.67,28.89,28.12,28.62,2244087.0
2017-03-29,29.25,29.25,28.75,28.78,2200243.0
2017-03-28,29.53,30.06,29.208,29.27,1657470.0
2017-03-27,28.8,29.82,28.36,29.63,1597183.0
2017-03-24,29.1,29.5,28.823,29.19,1291465.0
2017-03-23,29.24,29.5,28.95,29.05,1481317.0
2017-03-22,29.64,29.89,28.97,29.17,2343382.0
2017-03-21,31.12,31.33,29.23,29.6,3956623.0
2017-03-20,31.06,31.49,30.76,31.2,1639045.0
2017-03-17,31.09,31.79,30.51,31.03,4484657.0
2017-03-16,31.39,32.622,31.263,31.41,2907855.0
2017-03-15,31.21,31.39,30.344,31.3,1886740.0
2017-03-14,31.91,31.95,30.79,31.07,1664701.0
2017-03-13,31.15,32.67,31.1,32.07,2404441.0
2017-03-10,31.42,31.71,31.03,31.23,1597689.0
2017-03-09,31.1,31.84,30.85,31.32,2345655.0
2017-03-08,30.81,31.16,30.588,31.08,1551946.0
2017-03-07,30.65,31.33,30.49,30.74,1969675.0
2017-03-06,30.4,31.03,29.83,30.89,3488214.0
2017-03-03,30.74,30.89,29.351,29.81,4749519.0
2017-03-02,32.04,32.66,30.79,31.03,4202130.0
2017-03-01,32.0,32.41,31.67,32.32,3378508.0
2017-02-28,32.16,32.24,31.33,31.72,4446167.0
2017-02-27,32.08,33.33,31.86,32.64,3320079.0
2017-02-24,31.28,32.28,31.01,32.26,2329736.0
2017-02-23,32.31,32.49,31.4,31.67,2801703.0
2017-02-22,31.91,32.445,31.735,32.16,3902386.0
2017-02-21,32.47,32.63,31.396,31.96,4402680.0
2017-02-17,33.17,33.362,32.2,32.35,4026794.0
2017-02-16,33.65,34.28,32.763,33.17,5113029.0
2017-02-15,33.4,33.86,33.11,33.42,3408233.0
2017-02-14,33.86,34.44,32.88,33.65,7476603.0
2017-02-13,32.06,34.95,32.06,34.9,8648324.0
2017-02-10,31.77,33.39,31.58,31.96,9469159.0
2017-02-09,31.44,34.24,30.75,32.81,9960612.0
2017-02-08,31.71,32.69,29.75,31.44,9780999.0
2017-02-07,32.3,32.31,30.83,30.96,7408462.0
2017-02-06,31.5,32.42,31.3,31.82,6083289.0
2017-02-03,30.1,31.6,30.07,31.37,4119620.0
2017-02-02,29.87,30.84,29.62,30.1,4029614.0
2017-02-01,29.74,30.365,29.36,30.05,3697530.0
2017-01-31,28.7,28.94,28.43,28.83,2072838.0
2017-01-30,29.41,29.41,28.28,29.01,3392347.0
2017-01-27,29.92,29.9894,28.85,29.44,2786627.0
2017-01-26,30.15,30.5,29.35,29.85,3812716.0
2017-01-25,29.19,30.47,28.825,29.05,5137206.0
2017-01-24,28.47,29.44,28.22,28.73,4087098.0
2017-01-23,28.38,28.8,28.1505,28.5,2907279.0
2017-01-20,28.55,29.0,28.0201,28.38,3877424.0
2017-01-19,27.73,28.68,27.42,28.56,4984020.0
2017-01-18,27.77,27.8322,27.03,27.59,3580985.0
2017-01-17,27.9,28.0598,27.75,27.85,2669061.0
2017-01-13,27.85,28.1096,27.41,27.96,2694681.0
2017-01-12,28.46,28.72,27.5594,27.88,2792905.0
2017-01-11,27.45,28.0,27.33,27.94,2394353.0
2017-01-10,29.25,29.7,27.72,27.79,4675759.0
2017-01-09,27.77,28.35,27.24,28.1,2619911.0
2017-01-06,28.06,28.73,27.56,27.63,3790378.0
2017-01-05,28.6,28.75,27.41,28.1,4683456.0
2017-01-04,26.55,27.75,26.21,27.51,6047448.0
2017-01-03,29.25,29.45,25.98,26.5,11108366.0
2016-12-30,29.42,29.99,28.65,28.85,3014551.0
2016-12-29,30.02,30.24,28.851,29.27,3419961.0
2016-12-28,32.45,32.75,30.03,30.21,4165625.0
2016-12-27,32.7,33.0499,32.05,32.61,2792589.0
2016-12-23,32.12,32.6,31.53,32.22,3251824.0
2016-12-22,35.07,35.15,31.52,31.71,11640225.0
2016-12-21,30.5,34.68,30.2,34.59,11589479.0
2016-12-20,29.61,31.49,28.61,29.92,10098421.0
2016-12-19,29.2,29.5,28.71,29.15,2934987.0
2016-12-16,29.9,30.53,28.711,29.25,3338648.0
2016-12-15,29.61,30.21,29.25,29.65,2588756.0
2016-12-14,29.23,29.94,29.0,29.51,2254426.0
2016-12-13,29.0,30.37,29.0,29.27,2623843.0
2016-12-12,29.04,29.5,28.37,29.23,3897841.0
2016-12-09,30.6,30.95,29.14,29.34,5737657.0
2016-12-08,31.05,31.7799,30.34,30.6,4905457.0
2016-12-07,32.0,32.87,30.98,31.02,3026957.0
2016-12-06,30.81,32.49,30.81,32.14,3771510.0
2016-12-05,30.89,31.67,30.35,30.73,3773082.0
2016-12-02,31.55,31.74,30.31,30.38,3552004.0
2016-12-01,33.66,33.8,31.54,31.87,3880679.0
2016-11-30,33.0,35.24,33.0,33.92,3302633.0
2016-11-29,33.99,34.29,32.66,33.61,3402508.0
2016-11-28,34.81,35.49,33.72,33.85,3233506.0
2016-11-25,35.68,35.84,34.8501,35.07,1543267.0
2016-11-23,37.09,37.85,35.53,35.68,5330232.0
2016-11-22,37.6,38.2,36.8,37.39,3628577.0
2016-11-21,37.9,38.88,36.51,36.8,7352437.0
2016-11-18,35.41,36.88,34.55,36.88,4348977.0
2016-11-17,37.42,37.44,34.75,35.21,5879619.0
2016-11-16,35.39,37.84,35.0,37.05,10980161.0
2016-11-15,31.7,34.85,31.39,34.73,6075208.0
2016-11-14,31.71,32.97,31.21,31.39,4079204.0
2016-11-11,31.08,32.28,31.03,31.56,2274922.0
2016-11-10,33.14,34.0,30.72,31.5,5155071.0
2016-11-09,30.36,33.7,30.3,31.81,6409225.0
2016-11-08,30.6,31.88,29.92,31.41,6308243.0
2016-11-07,32.97,33.1,30.43,30.52,7362257.0
2016-11-04,34.16,35.2,31.5,31.57,10045282.0
2016-11-03,33.87,34.55,32.41,32.6,7687178.0
2016-11-02,35.73,36.3699,33.45,34.15,5155094.0
2016-11-01,35.4,36.79,34.71,35.88,9924540.0
2016-10-31,35.41,36.25,33.75,34.12,8314168.0
2016-10-28,36.79,37.7,34.74,35.42,7189312.0
2016-10-27,39.52,39.75,36.72,37.26,7109717.0
2016-10-26,38.42,40.43,38.25,39.24,5316405.0
2016-10-25,40.73,41.63,38.55,38.6,7002501.0
2016-10-24,42.2,42.8,40.64,40.73,7135349.0
2016-10-21,41.0,43.1,40.19,41.06,18570052.0
2016-10-20,45.8,46.949,43.54,44.14,4040677.0
2016-10-19,48.1,48.18,45.5,46.51,2969930.0
2016-10-18,45.89,48.94,44.411,47.77,6564995.0
2016-10-17,45.39,47.218,44.31,44.45,5101638.0
2016-10-14,47.8,49.59,45.68,46.11,6714070.0
2016-10-13,49.87,49.95,47.05,47.24,9154400.0
2016-10-12,53.46,53.59,50.04,50.8,2594562.0
2016-10-11,54.43,54.6,51.341,52.44,5416017.0
2016-10-10,57.63,58.91,51.39,52.02,8667866.0
2016-10-07,61.33,61.98,59.27,60.58,1737345.0
2016-10-06,60.72,62.77,60.0715,60.69,1921822.0
2016-10-05,62.09,63.14,61.051,61.47,2417254.0
2016-10-04,65.26,65.7299,60.26,60.94,4149408.0
2016-10-03,62.5,66.64,62.43,65.02,3766872.0
2016-09-30,69.5,69.61,63.01,64.36,7817974.0
2016-09-29,69.13,69.9,68.2,68.72,3269871.0
2016-09-28,70.49,70.96,67.44,68.97,6732520.0
2016-09-27,66.0,68.99,65.56,68.22,7971030.0
2016-09-26,63.0,65.68,62.38,64.24,3880331.0
2016-09-23,64.45,68.4,63.8,64.07,7570061.0
2016-09-22,62.45,66.48,62.0301,64.92,8998281.0
2016-09-21,57.5,61.85,56.85,61.7,5058283.0
2016-09-20,57.87,58.989,56.6,56.76,2233041.0
2016-09-19,57.54,59.4,56.9,57.28,4253407.0
2016-09-16,54.3,56.99,53.66,56.75,4355304.0
2016-09-15,53.88,54.85,53.26,54.0,2291145.0
2016-09-14,54.97,55.0,52.77,53.12,2714084.0
2016-09-13,55.78,56.75,53.6,53.97,4026102.0
2016-09-12,55.08,57.88,54.58,56.7,3497447.0
2016-09-09,57.0,58.0,55.02,56.0,4478684.0
2016-09-08,57.4,58.45,56.51,57.45,3661092.0
2016-09-07,60.2,60.4,56.31,56.63,5303567.0
2016-09-06,58.24,60.69,57.791,59.18,7321377.0
2016-09-02,54.93,57.74,54.93,57.62,3740987.0
2016-09-01,53.61,56.74,53.6,54.38,5952930.0
2016-08-31,53.99,54.59,52.14,53.62,2177870.0
2016-08-30,53.85,54.93,53.51,53.8,3393266.0
2016-08-29,54.55,56.0,53.2,53.82,4455735.0
2016-08-26,51.93,54.33,49.611,54.25,7093711.0
2016-08-25,54.25,55.0999,51.257,51.93,5511120.0
2016-08-24,56.08,58.07,53.35,53.6,7644738.0
2016-08-23,60.15,61.35,55.71,56.08,7620779.0
2016-08-22,56.23,59.75,55.34,58.65,7201539.0
2016-08-19,52.32,56.47,51.8501,54.88,6905469.0
2016-08-18,59.14,59.3599,54.15,54.4,7445193.0
2016-08-17,60.9,61.5,57.05,58.86,6795911.0
2016-08-16,60.57,64.16,59.06,59.34,12272173.0
2016-08-15,56.75,66.3989,55.1332,58.47,22052422.0
2016-08-12,49.05,53.37,48.6,53.29,9286048.0
2016-08-11,43.45,49.0,43.45,48.71,8139415.0
2016-08-10,43.22,43.95,41.9,43.63,2493626.0
2016-08-09,44.32,45.69,41.35,43.01,7377874.0
2016-08-08,42.7,42.92,40.58,42.5,3249979.0
2016-08-05,40.97,41.72,40.75,41.49,1442462.0
2016-08-04,38.9,41.07,38.9,40.59,1659642.0
2016-08-03,38.1,39.0,37.2,38.55,1382770.0
2016-08-02,39.1,40.25,37.5,37.93,2647958.0
2016-08-01,40.63,41.64,39.11,39.33,2661841.0
2016-07-29,42.75,42.881,40.55,40.63,4896012.0
2016-07-28,42.96,43.7,41.02,42.17,4156579.0
2016-07-27,40.92,43.25,40.77,42.54,4813914.0
2016-07-26,40.55,41.782,39.75,40.39,2247899.0
2016-07-25,40.7,41.49,39.5701,40.75,2240765.0
2016-07-22,40.32,41.76,40.1,40.81,1937967.0
2016-07-21,41.71,42.55,39.83,40.12,2639374.0
2016-07-20,39.5,42.5735,38.51,41.73,4511937.0
2016-07-19,40.53,41.0,39.04,39.07,2223578.0
2016-07-18,41.25,42.4844,40.15,41.03,3758280.0
2016-07-15,42.74,43.75,41.2,43.0,2921416.0
2016-07-14,43.4,44.8,40.8,41.75,7230801.0
2016-07-13,41.29,42.75,40.21,42.25,8547881.0
2016-07-12,37.99,38.94,36.815,38.3,4178920.0
2016-07-11,36.3,38.3,35.7901,37.3,5734722.0
2016-07-08,37.25,37.4,35.25,35.54,3250050.0
2016-07-07,38.41,38.62,36.0,36.51,4066611.0
2016-07-06,33.41,37.93,33.27,37.93,5074073.0
2016-07-05,34.87,35.43,33.07,34.04,3998666.0
2016-07-01,36.97,37.34,33.65,34.03,7005298.0
2016-06-30,39.68,41.89,34.8,36.5,18512567.0
2016-06-29,31.98,37.19,31.75,37.08,13782994.0
2016-06-28,30.4,33.4114,29.57,29.92,10620519.0
2016-06-27,27.35,28.19,26.3,27.25,3929574.0
2016-06-24,27.54,28.739,26.05,26.3,4670689.0
2016-06-23,23.99,29.61,23.66,28.79,21299009.0
